"Task","Status","Remediation Status","Score","Project","Org. Unit","Risk","Assignee","Reviewer","Approver","Due Date","Comments"
"Assessee Name","Submitted","","Comments only","Level 1","chatbot v1","","chat bot","","","6/29/2022","colin morrison"
"Assessee Job Title","Submitted","","Comments only","Level 1","chatbot v1","","chat bot","","","6/29/2022","it risk manager"
"Assessee Contact Information","Submitted","","Comments only","Level 1","chatbot v1","","chat bot","","","6/29/2022","cmorrison1"
"Names and titles/functions of individuals who contributed to this questionnaire","Submitted","","Comments only","Level 1","chatbot v1","","chat bot","","","6/29/2022","GRC team"
"Date of Response","Submitted","","Comments only","Level 1","chatbot v1","","chat bot","","","6/29/2022","23/05/2022"
"Name of the holding or parent company","Submitted","","Comments only","Level 1","chatbot v1","","chat bot","","","6/29/2022","Logitech is a consumer electronics company focused on designing and manufacturing."
"Company/business name","Submitted","","Not applicable","Level 1","chatbot v1","","chat bot","","","6/29/2022","Logitech is a consumer electronics company focused on designing and manufacturing.
"
"Publicly or privately held company?","Submitted","","Not applicable","Level 1","chatbot v1","","chat bot","","","6/29/2022","Sorry, could you say that again?"
"Type of legal entity and state of incorporation","Submitted","","Comments only","Level 1","chatbot v1","","chat bot","","","6/29/2022","YES"
"How long has the company been in business?","Submitted","","Comments only","Level 1","chatbot v1","","chat bot","","","6/29/2022","I missed what you said. What was that?"
"Has the organization been named in any of the following?","Submitted","","4 responses","Level 1","chatbot v1","","chat bot","","","6/29/2022",""
"Has your company suffered a data loss or security breach within the last 3 years?","Submitted","","No","Level 1","chatbot v1","","chat bot","","","6/29/2022",""
"Has any of your Third Party Vendors suffered a data loss or security breach within the last 3 years?","Submitted","","No","Level 1","chatbot v1","","chat bot","","","6/29/2022",""
"Are the answers in this questionnaire for only one facility or geographic location? If yes, provide description of physical location (address, city, state, country).","Submitted","","Comments only","Level 1","chatbot v1","","chat bot","","","6/29/2022","Sorry, can you say that again?"
"Backup site physical address","Submitted","","Comments only","Level 1","chatbot v1","","chat bot","","","6/29/2022","I didn't get that. Can you say it again?"
"Any additional locations where Scoped Systems and Data is stored","Submitted","","Not applicable","Level 1","chatbot v1","","chat bot","","","6/29/2022","Sorry, I didn't get that. Can you rephrase?"
"Are the answers to this questionnaire for only one specific type of service? If yes, describe the service.","Submitted","","Comments only","Level 1","chatbot v1","","chat bot","","","6/29/2022","SYNC"
"Are software applications provided?","Submitted","","Comments only","Level 1","chatbot v1","","chat bot","","","6/29/2022","YES"
"List the applications provided that are in scope.","Submitted","","Comments only","Level 1","chatbot v1","","chat bot","","","6/29/2022","Can you say that again?"
"Identify the applications which are covered by the secure software development lifecycle.","Submitted","","Comments only","Level 1","chatbot v1","","chat bot","","","6/29/2022","Logitech conducts security testing by third-party
security consultants to identify vulnerabilities. Such
Static Application Security Testing (SAST), Dynamic
Application Security Testing (DAST), and cloud service
configuration assessment align with but are not limited
to, common security weaknesses as outlined in the
Open Web Application Security Project (OWASP) and
MITRE’s Common Weakness Enumeration(CWE). Should
any vulnerabilities appear within the context of testing,
Logitech will remediate all security issues as identified by
the vendor. While the third-party security assessment is
done on major releases, Logitech also runs in-house SAST
and DAST during development cycles."
"What type of software is being provided? Select all that apply","Submitted","","Custom Developed","Level 1","chatbot v1","","chat bot","","","6/29/2022",""
"Information Security policies and procedures. (Please Attach)","Submitted","","Comments only","Level 1","chatbot v1","","chat bot","","","6/29/2022","No,Logitech’s policies and procedures are confidential and for internal use only, it is not shared externally"
"Copy of internal or external information security audit report (Please Attach)","Submitted","","Comments only","Level 1","chatbot v1","","chat bot","","","6/29/2022","""Annual 3rd party cybersecurity audit, that performs pen tests. Externally, Sync cloud service procured 3rd party application security assessment tests covering dynamic test (DSAT), static analysis (SAST) and cloud security review.
Logitech also runs internal SAST and DSAT. """
"Information technology and security organization charts (Please Attach)","Submitted","","Comments only","Level 1","chatbot v1","","chat bot","","","6/29/2022","yes"
"Physical Security policy and procedures (building and/or restricted access) (Please Attach)","Submitted","","Comments only","Level 1","chatbot v1","","chat bot","","","6/29/2022","No,Logitech’s policies and procedures are confidential and for internal use only, it is not shared externally"
"Third party security reviews/assessments/penetration tests (Please Attach)","Submitted","","Comments only","Level 1","chatbot v1","","chat bot","","","6/29/2022","Third party. Logitech initiates penetration tests on major releases."
"Legal clauses and confidentiality templates for third parties (Please Attach)","Submitted","","Comments only","Level 1","chatbot v1","","chat bot","","","6/29/2022","blank"
"Topics covered in the security training program (Please Attach)","Submitted","","Comments only","Level 1","chatbot v1","","chat bot","","","6/29/2022","yes"
"Security incident handling and reporting process (Please Attach)","Submitted","","Comments only","Level 1","chatbot v1","","chat bot","","","6/29/2022","yes"
"Network configuration diagrams for internal and external networks defined in scope. (Please Attach)","Submitted","","Comments only","Level 1","chatbot v1","","chat bot","","","6/29/2022","Sorry, could you say that again?"
"System and network configuration standards (Please Attach)","Submitted","","Comments only","Level 1","chatbot v1","","chat bot","","","6/29/2022","Can you say that again?"
"System backup policy and procedures (Please Attach)","Submitted","","Comments only","Level 1","chatbot v1","","chat bot","","","6/29/2022","Yes"
"Offsite storage policy and procedures (Please Attach)","Submitted","","Comments only","Level 1","chatbot v1","","chat bot","","","6/29/2022","Yes , https://www.logitech.com/en-roeu/legal/product-privacy-policy.html"
"Vulnerability and threat management scan policy and procedures (Please Attach)","Submitted","","Comments only","Level 1","chatbot v1","","chat bot","","","6/29/2022","No , confidential and we do not share"
"Application security policy (Please Attach)","Submitted","","Comments only","Level 1","chatbot v1","","chat bot","","","6/29/2022","Yes , https://www.logitech.com/en-roeu/legal/product-privacy-policy.html"
"Change control policy/procedures (Please Attach)","Submitted","","Comments only","Level 1","chatbot v1","","chat bot","","","6/29/2022","No,Logitech’s policies and procedures are confidential and for internal use only, it is not shared externally
"
"Problem management policy/procedures (Please Attach)","Submitted","","Comments only","Level 1","chatbot v1","","chat bot","","","6/29/2022","No,Logitech’s policies and procedures are confidential and for internal use only, it is not shared externally"
"Certification of proprietary encryption algorithms (Please Attach)","Submitted","","Comments only","Level 1","chatbot v1","","chat bot","","","6/29/2022","yes"
"Internal vulnerability assessments of systems, applications, and networks (Please Attach)","Submitted","","Comments only","Level 1","chatbot v1","","chat bot","","","6/29/2022","yes"
"Software development and lifecycle (SDLC) process document (Please Attach)","Submitted","","Comments only","Level 1","chatbot v1","","chat bot","","","6/29/2022","I didn't get that. Can you say it again?"
"Business Resiliency (continuity plan) (BCP) and/or Disaster Recovery Plan (Please Attach)","Submitted","","Comments only","Level 1","chatbot v1","","chat bot","","","6/29/2022","yes"
"Most recent BCP/DR test dates and results (Please Attach)","Submitted","","Comments only","Level 1","chatbot v1","","chat bot","","","6/29/2022","Say that one more time?"
"Most recent AUP/SSAE16/SOC2 audit report(s) (Please Attach)","Submitted","","Comments only","Level 1","chatbot v1","","chat bot","","","6/29/2022","no"
"Privacy Policies (internal, external, web) (Please Attach)","Submitted","","Comments only","Level 1","chatbot v1","","chat bot","","","6/29/2022","Privacy Policies (internal, external, web) (Please Attach)"
"Executive Summary of certificates held. (e.g. PCI, HIPAA, ISO) (Please Attach)","Submitted","","Comments only","Level 1","chatbot v1","","chat bot","","","6/29/2022","n/a
"
"Performance Reports against contracted SLAs (Please Attach)","Submitted","","Comments only","Level 1","chatbot v1","","chat bot","","","6/29/2022","I missed that, say that again?"
"1) Is there a risk assessment program that has been approved by management, communicated to appropriate constituents and an owner to maintain and review the program?","Submitted","","Yes","Level 1","chatbot v1","","chat bot","","","6/29/2022","Yes , Internal Audit and GRC Team"
"1a) A Program to manage the treatment of risks identified during assessments?","Submitted","","Yes","Level 1","chatbot v1","","chat bot","","","6/29/2022","Yes , This documentation is confidential and for internal use only. "
"1b) A formal process for assigning appropriate management ownership for each risk?","Submitted","","Yes","Level 1","chatbot v1","","chat bot","","","6/29/2022","Yes , This documentation is confidential and for internal use only. "
"1c) A formal process for appropriate management knowingly and objectively accepting risks and approving action plans?","Submitted","","Yes","Level 1","chatbot v1","","chat bot","","","6/29/2022","A formal process for appropriate management knowingly and objectively accepting risks and approving action plans?"
"1d) A formal process for tracking the status of action plans and reporting them to management?","Submitted","","Yes","Level 1","chatbot v1","","chat bot","","","6/29/2022",""
"1e) Controls identified for each material risk?","Submitted","","Not applicable","Level 1","chatbot v1","","chat bot","","","6/29/2022","I didn't get that. Can you repeat?"
"1f) Measures for defining, monitoring, and reporting risk metrics?","Submitted","","Yes","Level 1","chatbot v1","","chat bot","","","6/29/2022",""
"2) Do Subcontractors have access to Scoped Systems and Data? (backup vendors, service providers, equipment support maintenance, software maintenance vendors, data recovery vendors, etc.)?","Submitted","","Not applicable","Level 1","chatbot v1","","chat bot","","","6/29/2022","I missed that, say that again?"
"3) Is there a vendor management program?","Submitted","","No","Level 1","chatbot v1","","chat bot","","","6/29/2022","Logitech’s policies and procedures are confidential and for internal use only, it is not shared externally"
"4) Do external parties have access to Scoped Systems and Data or processing facilities?","Submitted","","Yes","Level 1","chatbot v1","","chat bot","","","6/29/2022",""
"5) Is the maturity of IT management processes formally evaluated at least annually using an established benchmark (e.g., COBIT maturity models)?","Submitted","","Not applicable","Level 1","chatbot v1","","chat bot","","","6/29/2022","I missed that, say that again?"
"6) Are there regular privacy risk assessments conducted? If yes, provide frequency and scope. If no, explain reason.","Submitted","","Yes","Level 1","chatbot v1","","chat bot","","","6/29/2022","Yes , This documentation is confidential and for internal use only. "
"7) Are identified privacy risks and associated mitigation plans formally documented and reviewed by management?","Submitted","","Yes","Level 1","chatbot v1","","chat bot","","","6/29/2022",""
"8) Are reasonable resources (in time and money) allocated to mitigating identified privacy risks?","Submitted","","Yes","Level 1","chatbot v1","","chat bot","","","6/29/2022",""
"9) Is there a compliance risk management system that addresses the quality and accuracy of reported consumer data?","Submitted","","Yes","Level 1","chatbot v1","","chat bot","","","6/29/2022",""
"10) Is there a compliance risk management system that addresses the quality of assembling and maintaining the data?","Submitted","","Yes","Level 1","chatbot v1","","chat bot","","","6/29/2022","Yes , Internal Audit and GRC Team"
"11) Is there an information security policy that has been approved by management, communicated to appropriate constituents and an owner to maintain and review the policy?","Submitted","","Yes","Level 1","chatbot v1","","chat bot","","","6/29/2022",""
"12) Have the policies been reviewed in the last 12 months?","Submitted","","Yes","Level 1","chatbot v1","","chat bot","","","6/29/2022",""
"13) Is there a respondent information security function responsible for security initiatives?","Submitted","","Yes","Level 1","chatbot v1","","chat bot","","","6/29/2022",""
"14) Is there an asset management policy approved by management, communicated to staff and an owner to maintain and review?","Submitted","","Yes","Level 1","chatbot v1","","chat bot","","","6/29/2022","Yes , Internal Audit and GRC Team"
"15) Are information assets classified?","Submitted","","Yes","Level 1","chatbot v1","","chat bot","","","6/29/2022",""
"16) Is there a removable media policy or program (CDs, DVDs, tapes, disk drives) that has been approved by management, communicated to appropriate staff, and an owner to maintain and review the policy?","Submitted","","Yes","Level 1","chatbot v1","","chat bot","","","6/29/2022",""
"17) Is Scoped Data sent or received via physical media?","Submitted","","Not applicable","Level 1","chatbot v1","","chat bot","","","6/29/2022","I didn't get that. Can you say it again?"
"18) Are encryption tools managed and maintained for Scoped Data? If yes:","Submitted","","Yes","Level 1","chatbot v1","","chat bot","","","6/29/2022","No, ""Logitech's Corporate IT: Yes, we use cryptographic controls in the Logitech company infrastructure.
Logitech Sync: Yes, built on AWS IoT. Encryption in transit: TLS 1.2 over port 443. Encryption at rest: RSA & SHA-256. End to End Encryption.
Logitech devices: Logitech devices use on-device encryption and TLS for network-based communication. For information on the use of cryptographic controls on computers running Microsoft Teams Rooms application, please refer to Microsoft documentation:"""
"19) Are clients provided with the ability to generate a unique encryption key?","Submitted","","Yes","Level 1","chatbot v1","","chat bot","","","6/29/2022","Yes , AES-256 algorithm (256 bit key)"
"20) Are clients provided with the ability to rotate their encryption key on a scheduled basis?","Submitted","","Not applicable","Level 1","chatbot v1","","chat bot","","","6/29/2022","I missed what you said. What was that?"
"21) Are staff able to access client Scoped Data in an unencrypted state?","Submitted","","Not applicable","Level 1","chatbot v1","","chat bot","","","6/29/2022","Can you say that again?"
"22) Are staff able to access client's encryption keys?","Submitted","","Not applicable","Level 1","chatbot v1","","chat bot","","","6/29/2022","N/A AWS data centre"
"23) Is data segmentation and separation capability between clients provided?","Submitted","","Not applicable","Level 1","chatbot v1","","chat bot","","","6/29/2022","Sorry, can you say that again?"
"24) Does the ability exist to legally demonstrate sufficient data segmentation, in the event of a client subpoena or a forensics incident, so as not to impact other clients' data if using resource pooling?","Submitted","","Not applicable","Level 1","chatbot v1","","chat bot","","","6/29/2022","I didn't get that. Can you repeat?"
"25) Is there a data classification retention program that identifies the data types that require additional management and governance?","Submitted","","Not applicable","Level 1","chatbot v1","","chat bot","","","6/29/2022","can you say that again"
"26) Is there a self-service portal or API call available to clients which provides the ability to place a ""Legal hold"" on client data which may be subject to a legal action, without impacting other clients' data retention or destruction schedules?","Submitted","","Not applicable","Level 1","chatbot v1","","chat bot","","","6/29/2022","Say that one more time?"
"27) Is sensitive personal information (e.g., personal information specifying credit card numbers, medical or health conditions, racial or ethnic origin, or the sex life of an individual) encrypted when it is at rest (storage) or in transit?","Submitted","","Not applicable","Level 1","chatbot v1","","chat bot","","","6/29/2022","I didn't get that. Can you say it again?"
"28) Is there a Human Resource policy approved by management, communicated to staff and an owner to maintain and review? If yes, does it include:","Submitted","","Yes","Level 1","chatbot v1","","chat bot","","","6/29/2022",""
"27a) Does your Human Resource Policy include Security Roles and Responsibilities?","Submitted","","Yes","Level 1","chatbot v1","","chat bot","","","6/29/2022",""
"27b) Does your Human Resource Policy include Background screening?","Submitted","","Yes","Level 1","chatbot v1","","chat bot","","","6/29/2022",""
"27c) Does your Human Resource Policy include Employment agreements?","Submitted","","Yes","Level 1","chatbot v1","","chat bot","","","6/29/2022",""
"27d) Does your Human Resource Policy include Security Awareness training?","Submitted","","Yes","Level 1","chatbot v1","","chat bot","","","6/29/2022",""
"27e) Does your Human resource Policy include a Disciplinary process for non-compliance?","Submitted","","Yes","Level 1","chatbot v1","","chat bot","","","6/29/2022",""
"27f) Does your Human Resource Policy include Termination or change of status process?","Submitted","","Yes","Level 1","chatbot v1","","chat bot","","","6/29/2022",""
"29) Are background checks performed for Service Provider Contractors and Subcontractors?","Submitted","","Yes","Level 1","chatbot v1","","chat bot","","","6/29/2022",""
"30) Do information security personnel have professional security certifications?","Submitted","","Yes","Level 1","chatbot v1","","chat bot","","","6/29/2022",""
"31) Is there a physical security program?","Submitted","","Yes","Level 1","chatbot v1","","chat bot","","","6/29/2022",""
"32) Are physical security and environmental controls in the data center and office buildings?","Submitted","","Yes","Level 1","chatbot v1","","chat bot","","","6/29/2022",""
"33) Are visitors permitted in the facility?","Submitted","","No","Level 1","chatbot v1","","chat bot","","","6/29/2022","No , For AWS data centres where sync will be physically stored"
"34) Are Management approved operating procedures utilized?","Submitted","","Yes","Level 1","chatbot v1","","chat bot","","","6/29/2022",""
"35) Is there an operational change management/change control policy or program that has been approved by management, communicated to appropriate staff and an owner to maintain and review the policy?","Submitted","","Yes","Level 1","chatbot v1","","chat bot","","","6/29/2022",""
"36) Are backups of Scoped Systems and Data performed?","Submitted","","Yes","Level 1","chatbot v1","","chat bot","","","6/29/2022",""
"37) Are Cloud Services provided? If yes, what service model is provided (select all that apply):","Submitted","","Software as a Service","Level 1","chatbot v1","","chat bot","","","6/29/2022","Sorry, could you say that again?"
"38) Is there a client management portal which allows distributed business accounts (business units/departments) to be managed under a single central corporate account?","Submitted","","No","Level 1","chatbot v1","","chat bot","","","6/29/2022",""
"39) Are application self service features or an Internet accessible self-service portal available to clients?","Submitted","","No","Level 1","chatbot v1","","chat bot","","","6/29/2022","No ,We have no way of knowing who clients customers are."
"40) Can clients run their own security services within their own cloud environment?","Submitted","","Yes","Level 1","chatbot v1","","chat bot","","","6/29/2022",""
"41) Is there a management approved process to ensure that image snapshots containing Scoped Data are authorized prior to being snapped?","Submitted","","Not applicable","Level 1","chatbot v1","","chat bot","","","6/29/2022","I didn't get that. Can you say it again?"
"42) Is there a formal process to ensure clients are notified prior to changes being made which may impact their service? If yes, what is the communication method:","Submitted","","Yes","Level 1","chatbot v1","","chat bot","","","6/29/2022","Yes , """"""When a security vulnerability or issue is
found, it is prioritized based on the severity.
Any high severity issues like exposing user
data or privacy are handled immediately.

(Source: Sync SAQ)"""""""
"43) Is there a scheduled maintenance window? If yes, what is the frequency:","Submitted","","Not applicable","Level 1","chatbot v1","","chat bot","","","6/29/2022","Say that one more time?"
"44) Is there a scheduled maintenance window which results in client downtime? If yes, what is the downtime:","Submitted","","Yes","Level 1","chatbot v1","","chat bot","","","6/29/2022",""
"45) Is there an online incident response status portal, which outlines planned and unplanned outages? If yes, how long after an unplanned outage is this updated:","Submitted","","Yes","Level 1","chatbot v1","","chat bot","","","6/29/2022","n/a
"
"46) Are electronic systems used to transmit, process or store Scoped Systems and Data?","Submitted","","Yes","Level 1","chatbot v1","","chat bot","","","6/29/2022",""
"47) Are individual IDs required for user authentication to applications, operating systems, databases and network devices?","Submitted","","Yes","Level 1","chatbot v1","","chat bot","","","6/29/2022","Yes , users will need to have approved access and given access to the application by groups through identity management tool

"
"48) Are passwords required to access systems transmitting, processing or storing Scoped Systems and Data?","Submitted","","Yes","Level 1","chatbot v1","","chat bot","","","6/29/2022",""
"49) Is there a password policy for systems that transmit, process or store Scoped Systems and Data that has been approved by management, communicated to staff, and enforced on all platforms?","Submitted","","Yes","Level 1","chatbot v1","","chat bot","","","6/29/2022","yes , Identity management solution, vpn, and password vault"
"50) Is remote access permitted?","Submitted","","Yes","Level 1","chatbot v1","","chat bot","","","6/29/2022",""
"51) Is standards based federated ID capability available to clients (e.g., SAML, OpenID)?","Submitted","","Yes","Level 1","chatbot v1","","chat bot","","","6/29/2022","Yes, Logitech Sync supports SSO that
can integrate with any ID providers that
use standard authentication protocols,
namely SAML and OpenID"
"52) Is two factor authentication required to access the production environment containing Scoped Data?","Submitted","","Yes","Level 1","chatbot v1","","chat bot","","","6/29/2022","Yes , users will need to have approved access and given access to the application by groups through identity management tool"
"53) Are staff able to access client Scoped Data? If not, please identify the controls used to prevent this.","Submitted","","Not applicable","Level 1","chatbot v1","","chat bot","","","6/29/2022","I missed that, say that again?"
"54) Is there a process which allows the client to specifically list who from the provider will have access to their Scoped Systems and Data?","Submitted","","Not applicable","Level 1","chatbot v1","","chat bot","","","6/29/2022","I didn't get that. Can you say it again?"
"55) Are applications used to transmit, process or store Scoped Data?","Submitted","","Yes","Level 1","chatbot v1","","chat bot","","","6/29/2022",""
"56) Is a web site supported, hosted or maintained that has access to Scoped Systems and Data?","Submitted","","Yes","Level 1","chatbot v1","","chat bot","","","6/29/2022","es , ""The Logitech Sync portal has access to the customers  systems which are registered via the locally installed Sync agent - Sync agent is not a part of firmware/software on Logitech devices that don't have CollabOS (the Android 10 derived operating system running on Logitech Rally Bar, Rally Bar Mini, and RoomMate).
- On CollabOS, Sync agent is built in the operating system but it currently requires manually logging in the Sync portal. 
- On computers with Windows 10: Once a Logitech device is connected, all components of Sync agent except Sync user interface are installed as a critical update via Windows Updates. Sync user interface is required for logging the device in the Sync portal. Sync agent components including the user interface software can be bulk provisioned or installed locally using an .exe installer. 
- On Mac computers: Sync agent components including the user interface can be bulk provisioned or installed locally using a .pkg installer.                                                                                 The Sync agent is optional and does not get installed automatically."""
"55a) Are Web Servers used for transmitting, processing, or storing Scoped Data?","Submitted","","Yes","Level 1","chatbot v1","","chat bot","","","6/29/2022",""
"55b) Is HTTPS enabled for all web pages used as part of the scoped service?","Submitted","","Yes","Level 1","chatbot v1","","chat bot","","","6/29/2022",""
"55c) All available high-risk security patches applied and verified at least monthly?","Submitted","","Yes","Level 1","chatbot v1","","chat bot","","","6/29/2022",""
"55d) Are third party alert services used to keep up to date with the latest vulnerabilities?","Submitted","","Yes","Level 1","chatbot v1","","chat bot","","","6/29/2022",""
"55e) Events relevant to supporting incident investigation regularly reviewed using a specific methodology to uncover potential incidents?","Submitted","","Yes","Level 1","chatbot v1","","chat bot","","","6/29/2022",""
"55f) Operating system and application logs relevant to supporting incident investigation protected against modification, deletion, and/or inappropriate access?","Submitted","","Yes","Level 1","chatbot v1","","chat bot","","","6/29/2022",""
"57) Is application development performed?","Submitted","","Yes","Level 1","chatbot v1","","chat bot","","","6/29/2022",""
"56a) Is there a secure software development lifecycle policy (including mobile software applications) that has been approved by management, communicated to appropriate staff and an owner to maintain and review the policy?","Submitted","","Yes","Level 1","chatbot v1","","chat bot","","","6/29/2022",""
"56b) Is development, test, and staging environment separate from the production environment? If so, how are they segmented:","Submitted","","Yes","Level 1","chatbot v1","","chat bot","","","6/29/2022","not able to answer two questions in one "
"56c) Is there a formal Software Development Life Cycle (SDLC) process?","Submitted","","Yes","Level 1","chatbot v1","","chat bot","","","6/29/2022",""
"56d) Are change control procedures required for all changes to the production environment?","Submitted","","Yes","Level 1","chatbot v1","","chat bot","","","6/29/2022",""
"56e) Is Scoped Systems and Data ever used in the test, development, or QA environments?","Submitted","","No","Level 1","chatbot v1","","chat bot","","","6/29/2022",""
"58) Are applications analyzed on a regular basis to determine their vulnerability against recent attacks?","Submitted","","Yes","Level 1","chatbot v1","","chat bot","","","6/29/2022",""
"59) Is there a formal development methodology in operation? If yes, which groups does it include?:","Submitted","","Yes","Level 1","chatbot v1","","chat bot","","","6/29/2022","not able to give two answers to this question"
"60) Are mobile applications that access Scoped Systems and Data developed?","Submitted","","Yes","Level 1","chatbot v1","","chat bot","","","6/29/2022","the reply was way out ,    ' Yes , Roles operate on a least privilege basis'"
"61) Is there an Incident Management Program that has been approved by management, communicated to staff and an owner to maintain and review the program?","Submitted","","Yes","Level 1","chatbot v1","","chat bot","","","6/29/2022",""
"60a) Does your Incident Response plan include the following?","Submitted","","None of the above","Level 1","chatbot v1","","chat bot","","","6/29/2022","unable to process this question       !!!!!!!!!!!!!!!!!!"
"62) Is there a formal Incident Response Plan?","Submitted","","Yes","Level 1","chatbot v1","","chat bot","","","6/29/2022","no clear from allgress"
"63) Is there a 24x7x365 staffed phone number available to clients to report security incidents?","Submitted","","Yes","Level 1","chatbot v1","","chat bot","","","6/29/2022",""
"64) Is there an established Business Resiliency program that has been approved by management and communicated to appropriate constituents?","Submitted","","Yes","Level 1","chatbot v1","","chat bot","","","6/29/2022",""
"65) Has a Business Impact Analysis been conducted?","Submitted","","Yes","Level 1","chatbot v1","","chat bot","","","6/29/2022",""
"66) Is there a formal process focused on identifying and addressing risks of disruptive incidents to the organization?","Submitted","","Yes","Level 1","chatbot v1","","chat bot","","","6/29/2022",""
"67) Are specific response and recovery strategies defined for the prioritized activities?","Submitted","","Yes","Level 1","chatbot v1","","chat bot","","","6/29/2022",""
"68) Are formal business continuity procedures developed and documented?","Submitted","","Yes","Level 1","chatbot v1","","chat bot","","","6/29/2022",""
"69) Has senior management assigned the responsibility for the overall management of the response and recovery efforts?","Submitted","","Yes","Level 1","chatbot v1","","chat bot","","","6/29/2022",""
"70) Is there a periodic (at least annual) review of your Business Resiliency Program?","Submitted","","Yes","Level 1","chatbot v1","","chat bot","","","6/29/2022",""
"71) Are there any dependencies on critical third party service providers?","Submitted","","Yes","Level 1","chatbot v1","","chat bot","","","6/29/2022",""
"72) Is there a formal, documented exercise and testing program in place?","Submitted","","Yes","Level 1","chatbot v1","","chat bot","","","6/29/2022",""
"73) Is there an Influenza Pandemic/Infectious Disease Outbreak Plan?","Submitted","","Not applicable","Level 1","chatbot v1","","chat bot","","","6/29/2022","One more time?
"
"74) Is there a specific Recovery Time Objective (RTO)? If yes, what is it?","Submitted","","Not applicable","Level 1","chatbot v1","","chat bot","","","6/29/2022","Sorry, can you say that again?"
"75) Are all suppliers of critical hardware, network services and facility services involved in annual continuity and recovery tests?","Submitted","","Yes","Level 1","chatbot v1","","chat bot","","","6/29/2022","Not sure this is correct for SYNC / SELECT "
"76) Are site failover tests performed at least annually?","Submitted","","Not applicable","Level 1","chatbot v1","","chat bot","","","6/29/2022","Are site failover tests performed at least annually?"
"77) Do contracts with Critical Service Providers include a penalty or remediation clause for breach of availability and continuity SLAs?","Submitted","","Not applicable","Level 1","chatbot v1","","chat bot","","","6/29/2022","Sorry, can you say that again?"
"78) Is there sufficient redundancy capacity to ensure services are not impacted in multi-tenancy environments during peak usage and above?","Submitted","","Not applicable","Level 1","chatbot v1","","chat bot","","","6/29/2022","One more time?"
"79) Does the organization maintain insurance to cover all or some of the costs associated with business interruptions or general service interruptions?","Submitted","","Yes","Level 1","chatbot v1","","chat bot","","","6/29/2022",""
"80) Is there an internal audit, risk management or compliance department with responsibility for identifying and tracking resolution of outstanding regulatory issues?","Submitted","","Yes","Level 1","chatbot v1","","chat bot","","","6/29/2022","Yes , Internal Audit and GRC Team"
"81) Are there policies and procedures to ensure compliance with applicable legislative, regulatory and contractual requirements to address intellectual property rights on business processes or information technology software products?","Submitted","","Yes","Level 1","chatbot v1","","chat bot","","","6/29/2022",""
"82) Is there a records retention policy covering paper & electronic records, including email in support of applicable regulations, standards and contractual requirements?","Submitted","","Yes","Level 1","chatbot v1","","chat bot","","","6/29/2022",""
"83) Is licensing maintained in all jurisdictions where the business is or where licensing is required?","Submitted","","Yes","Level 1","chatbot v1","","chat bot","","","6/29/2022",""
"84) Is there an internal compliance and ethics program to ensure professional ethics and business practices are implemented?","Submitted","","Yes","Level 1","chatbot v1","","chat bot","","","6/29/2022",""
"85) Are marketing or selling activities conducted directly to client's customers?","Submitted","","No","Level 1","chatbot v1","","chat bot","","","6/29/2022","No ,We have no way of knowing who clients customers are."
"86) Are there direct interactions with your client's customers?","Submitted","","No","Level 1","chatbot v1","","chat bot","","","6/29/2022","No , No direct interaction with clients nor do we have anyway of knowing who vendors  clients are."
"87) Are policies and procedures maintained for enabling compliance with applicable legal, regulatory, statutory, or contractual obligations related to any information security requirements?","Submitted","","Yes","Level 1","chatbot v1","","chat bot","","","6/29/2022",""
"88) Is there a documented governance process to identify and assess changes that could significantly affect the system of internal controls for security, confidentiality and availability?","Submitted","","Yes","Level 1","chatbot v1","","chat bot","","","6/29/2022",""
"89) Are accounts opened, transactions initiated or other account initiation activity applying payments, taking payments, transferring funds, etc. through either electronic, telephonic, written or in-person requests made on behalf of your client's?","Submitted","","No","Level 1","chatbot v1","","chat bot","","","6/29/2022",""
"90) Are these sites, applications and systems used to also transmit, process or store non-scoped data?","Submitted","","Yes","Level 1","chatbot v1","","chat bot","","","6/29/2022","yes , ""The Logitech Sync portal has access to the customers  systems which are registered via the locally installed Sync agent - Sync agent is not a part of firmware/software on Logitech devices that don't have CollabOS (the Android 10 derived operating system running on Logitech Rally Bar, Rally Bar Mini, and RoomMate).
- On CollabOS, Sync agent is built in the operating system but it currently requires manually logging in the Sync portal. 
- On computers with Windows 10: Once a Logitech device is connected, all components of Sync agent except Sync user interface are installed as a critical update via Windows Updates. Sync user interface is required for logging the device in the Sync portal. Sync agent components including the user interface software can be bulk provisioned or installed locally using an .exe installer. 
- On Mac computers: Sync agent components including the user interface can be bulk provisioned or installed locally using a .pkg installer.                                                                                 The Sync agent is optional and does not get installed automatically."""
"91) Are all transaction details (such as payment card info and information about the parties conducting transactions) prohibited from being stored in the DMZ?","Submitted","","Yes","Level 1","chatbot v1","","chat bot","","","6/29/2022","Incorrect answer , we do not process transactions "
"92) Does the service provider permit client audits and assessments?","Submitted","","Yes","Level 1","chatbot v1","","chat bot","","","6/29/2022","this is incorrect , we do not permit client audits"
"93) Are End User Devices (Desktops, Laptops, Tablets, Smartphones) used for transmitting, processing or storing Scoped Data?","Submitted","","Yes","Level 1","chatbot v1","","chat bot","","","6/29/2022","this is incorrect "
"91a) For end user devices, are Security configuration standards documented?","Submitted","","Yes","Level 1","chatbot v1","","chat bot","","","6/29/2022",""
"91a1) All available high-risk security patches applied and verified at least monthly on all server platforms?","Submitted","","Yes","Level 1","chatbot v1","","chat bot","","","6/29/2022","Yes , Our development process ensures that no outdated versions of 3rd party dependencies/packages have been deployed to the cloud platform and also alerts if there are any reported vulnerabilities from the dependencies"
"91a2) Sufficient detail contained in Operating System and application logs to support incident investigation, including successful and failed login attempts and changes to sensitive configuration settings and files?","Submitted","","Yes","Level 1","chatbot v1","","chat bot","","","6/29/2022",""
"91a3) Operating system and application logs relevant to supporting incident investigation protected against modification, deletion, and/or inappropriate access?","Submitted","","Yes","Level 1","chatbot v1","","chat bot","","","6/29/2022",""
"91a4) Is there a mobile device management program in place that has been approved by management and communicated to appropriate constituents?","Submitted","","No","Level 1","chatbot v1","","chat bot","","","6/29/2022","This is incorrect , the answer should be Yes"
"94) Are staff allowed to utilize mobile devices within your environment?","Submitted","","Yes","Level 1","chatbot v1","","chat bot","","","6/29/2022","Yes , This is a cloud based service that uses HTTPS           !!!!!!!!!!!!!!!!!!"
"92a) Are staff allowed to utilize mobile devices within your environment to view scoped data?","Submitted","","Yes","Level 1","chatbot v1","","chat bot","","","6/29/2022","Yes , This is a cloud based service that uses HTTPS                 !!!!!!!!!!!!!!!!!!!!!!!"
"92b) Are staff allowed to utilize mobile devices within your environment to process scoped data?","Submitted","","Yes","Level 1","chatbot v1","","chat bot","","","6/29/2022","Yes , This is a cloud based service that uses HTTPS                        !!!!!!!!!!!!!!!!!!!!"
"92c) Are staff allowed to utilize mobile devices within your environment to delete scoped data?","Submitted","","Not applicable","Level 1","chatbot v1","","chat bot","","","6/29/2022","I missed what you said. What was that?"
"95) Is there a mobile device management program in place that has been approved by management and communicated to appropriate staff?","Submitted","","No","Level 1","chatbot v1","","chat bot","","","6/29/2022","This is an incorrect answer"
"96) Are staff technically prevented from accessing the administrative environment via non-managed private devices?","Submitted","","Not applicable","Level 1","chatbot v1","","chat bot","","","6/29/2022","What was that?                        !!!!!!!!!!!!!!"
"97) Are there external network connections (Internet, extranet, etc.)?","Submitted","","Yes","Level 1","chatbot v1","","chat bot","","","6/29/2022",""
"98) Are there security and hardening standards for network devices, including Firewalls, Switches, Routers and Wireless Access Points (baseline configuration, patching, passwords, access control)?","Submitted","","No","Level 1","chatbot v1","","chat bot","","","6/29/2022","No, Logitech’s policies and procedures are confidential and for internal use only, it is not shared externally    !!!!!!!!!!!!!!!!!!"
"99) Are firewalls used to isolate critical and sensitive systems into network segments separate from network segments with less sensitive systems?","Submitted","","Yes","Level 1","chatbot v1","","chat bot","","","6/29/2022",""
"100) Is there a process that requires security approval to allow external networks to connect to the company network, and enforces the least privilege necessary?","Submitted","","Yes","Level 1","chatbot v1","","chat bot","","","6/29/2022",""
"101) Are all available high-risk security patches applied and verified at least monthly?","Submitted","","Yes","Level 1","chatbot v1","","chat bot","","","6/29/2022",""
"102) Are Intrusion Detection/Prevention Systems employed in all sensitive network zones and wherever firewalls are enabled?","Submitted","","Yes","Level 1","chatbot v1","","chat bot","","","6/29/2022",""
"103) Are wireless networking devices connected to networks containing scoped systems and data?","Submitted","","Not applicable","Level 1","chatbot v1","","chat bot","","","6/29/2022","Bot answered N/A"
"104) Are there controls to prevent one client attempting to compromise another client in a resource pooled environment?","Submitted","","Not applicable","Level 1","chatbot v1","","chat bot","","","6/29/2022","I didn't get that. Can you say it again?"
"105) Is Scoped Data transmitted, processed, or stored that can be classified as non-public information (NPI), personally identifiable information (PII), or sensitive customer financial information? If yes, describe and list types of data.","Submitted","","Not applicable","Level 1","chatbot v1","","chat bot","","","6/29/2022","I didn't get that. Can you repeat?
"" when I just put PII in the question section I got the answer    Yes, Sync access user name and password"
"106) Do agreements with third parties who have access or potential access to Scoped Data, address confidentiality, audit, security, and privacy, including but not limited to incident response, ongoing monitoring, data sharing and secure disposal of...","Submitted","","No","Level 1","chatbot v1","","chat bot","","","6/29/2022",""
"107) Is a business associate contract in place to address obligations for the privacy and security requirements for the services provided?","Submitted","","Yes","Level 1","chatbot v1","","chat bot","","","6/29/2022",""
"108) For Scoped Data, is personal information about individuals transmitted to or received from countries outside the United States? If yes, list the countries.","Submitted","","No","Level 1","chatbot v1","","chat bot","","","6/29/2022","currently this is not correct as SYNC data center location is in the US  !!!!!!!!!!!!!!!!!!"
"109) Is personal information transmitted, processed, stored, or disclosed to or retained by third parties? If yes, describe.","Submitted","","Not applicable","Level 1","chatbot v1","","chat bot","","","6/29/2022","I didn't get that. Can you say it again?"
"110) Are transactions for covered accounts accessed, modified, or processed, including address changes and discrepancies? If yes, describe.","Submitted","","No","Level 1","chatbot v1","","chat bot","","","6/29/2022",""
"111) Is a Privacy Notice explaining the organization's privacy policies and practices available on the organization's
website? Provide the URL for the Privacy Notice by clicking ""Attachments/Comments,"" and either add comments or
attach documentation.","Submitted","","Not applicable","Level 1","chatbot v1","","chat bot","","","6/29/2022","I didn't get that. Can you say it again?"
"112) Does the organization collect personal information directly from individuals on behalf of its customers?","Submitted","","No","Level 1","chatbot v1","","chat bot","","","6/29/2022",""
"113) Has the organization received complaints regarding uses of personal information or compliance with privacy
policies? Describe by clicking ""Attachments/Comments,"" and either add comments or attach documentation.","Submitted","","No","Level 1","chatbot v1","","chat bot","","","6/29/2022","No,Company Policies are confidential and for internal use only. We do not share with external parties.       Incorrect answer given !!!!!!!!!!!!!!!!!!!!!"
"114) Does your organization have cyber liability insurance to cover some or all of the costs associated with a databreach?","Submitted","","Yes","Level 1","chatbot v1","","chat bot","","","6/29/2022",""
"115) Are controls in place to prevent unauthorized access to individuals' personal information that is no longer in
active use (e.g., archived media or paper-based records)?","Submitted","","Yes","Level 1","chatbot v1","","chat bot","","","6/29/2022",""
"116) Are there systems and procedures in place to log and monitor employees' access to individuals' personal information?","Submitted","","No","Level 1","chatbot v1","","chat bot","","","6/29/2022","No. Access to the customer database is granted by the management team to a small group of Sync developers who are responsible for supporting the service operations. Access rights are revised or revoked whenever there is a change of role.                  !!!!! the answer should be yes , the content was correct !!!!!!!!!!!!!"
"Is personal data transferred from countries within the EU to areas outside of the EEA? If so, to which countries and what international transfer mechanisms are used for these transfer?","Submitted","","Yes","Level 1","chatbot v1","","chat bot","","","6/29/2022","US"
"Has your organisation appointed a Data Protection Officer or another person who is responsible for data protection compliance? If so, please provide their contract details.","Submitted","","Yes","Level 1","chatbot v1","","chat bot","","","6/29/2022","Is this the head of Privacy ?"
"Do you have a process in place to ensure data subject rights requests (access, erasure, portability, rectification, object etc.) are fulfilled within one month of receiving the request?","Submitted","","Not applicable","Level 1","chatbot v1","","chat bot","","","6/29/2022","Can you say that again?"
"Is data protection training provided to all staff who handle personal data? If yes, please provide details on the topics and how often these trainings are conducted.","Submitted","","Yes","Level 1","chatbot v1","","chat bot","","","6/29/2022","no comment"
"117) Is there an anti-malware policy or program that has been approved by management, communicated to appropriate staff and an owner to maintain and review the policy?","Submitted","","Yes","Level 1","chatbot v1","","chat bot","","","6/29/2022",""
"109a) Is prohibition of disabling anti-malware with exceptions requiring Security approval and reenablement as soon as possible, in place?","Submitted","","Yes","Level 1","chatbot v1","","chat bot","","","6/29/2022","Yes ,MDM solution in placed        comment incorrect "
"118) Is there a vulnerability management policy or program that has been approved by management, communicated to appropriate staff and an owner assigned to maintain and review the policy?","Submitted","","Yes","Level 1","chatbot v1","","chat bot","","","6/29/2022",""
"110a) Are vulnerability scans performed on all internet-facing applications at least monthly and after significant changes?","Submitted","","Yes","Level 1","chatbot v1","","chat bot","","","6/29/2022",""
"110b) Are vulnerability scans performed against internal networks and systems?","Submitted","","Yes","Level 1","chatbot v1","","chat bot","","","6/29/2022",""
"110c) Are penetration tests performed?","Submitted","","Yes","Level 1","chatbot v1","","chat bot","","","6/29/2022",""
"110d) Are there processes to manage threat and vulnerability assessment tools and the data they collect?","Submitted","","Yes","Level 1","chatbot v1","","chat bot","","","6/29/2022",""
"119) Are baseline hardened images used to build servers used for transmitting, processing or storing Scoped Data?","Submitted","","Yes","Level 1","chatbot v1","","chat bot","","","6/29/2022",""
"120) Are systems and applications patched?","Submitted","","Not applicable","Level 1","chatbot v1","","chat bot","","","6/29/2022","Can you say that again? !!!!!!!!!!!!!!!!!!!!!!!"
"121) Are default hardened base virtual images applied to virtualized operating systems?","Submitted","","Not applicable","Level 1","chatbot v1","","chat bot","","","6/29/2022","Sorry, I didn't get that. Can you rephrase?"
"122) Are Hypervisors used to manage systems used to transmit, process or store Scoped Data?","Submitted","","Yes","Level 1","chatbot v1","","chat bot","","","6/29/2022",""
"123) Is there a process for terminating relationships with customers?","Submitted","","Yes","Level 1","chatbot v1","","chat bot","","","6/29/2022",""
"124) Does the contract with customers allow the organization to retain data belonging to the customer after contract expiration or if the customer otherwise chooses to terminate the relationship?","Submitted","","Not applicable","Level 1","chatbot v1","","chat bot","","","6/29/2022","What was that?"
"125) Does the organization include provisions in its service contracts regarding the process for returning or destroying customers' data upon termination of the contractual relationship?","Submitted","","Yes","Level 1","chatbot v1","","chat bot","","","6/29/2022",""
